Raison Sociale;Adresse 1;Adresse 2;Adresse 3;Code Postal;Ville;N°Tel Professionnel;Type E;Nom Responsable;Date de lettre remerciement;Montant versé
5S GROUPE;ZI DE SAINT MITRE;Avenue Braye de Cau;;13400;AUBAGNE;;;;06-janv-16;78,80 €
AGENCE IMMOBILIERE DU ROULE;73 AVENUE DU ROULE;;;92200;NEUILLY SUR SEINE;;;;06-janv-16;107,00 €
BLUE LATITUDE YACHTING SARL;31 rue de l'arrivée;;;95880;ENGHIEN LES BAINS;;;;06-janv-16;40,00 €
CLINIQUE CONTI;3 CHEMIN DES 3 SOURCES;;;95290;L'ISLE ADAM;;;;06-janv-16;5 447,00 €
COMPUTACENTER France;229 RUE BELLE ETOILE;BP 50387;ZI PARIS NORD II;95700;ROISSY EN France;;;;06-janv-16;1 000,00 €
CPO LA CENTRALE DU PNEU D'OCCASION;ESPACE PNEU;RUE JEAN MONNET;;95350;ST BRICE SOUS FORET;;;;06-janv-16;51,00 €
DEFI INTERNATIONAL;RESIDENCE LE VERMONT;17 AV DU GENERAL DE GAULLE;;95230;Soisy/Montmorency Cedex;;;;06-janv-16;35,00 €
ENVOL ESPACE;LE TRIFIDE;RUE CLAUDE BLOCH;;14050;CAEN;;;;06-janv-16;12,00 €
GARAGE SUZANNE SARL;7 PLACE CHARLES LEBRUN;;;95160;MONTMORENCY;;;;13-janv-09;107,00 €
H.B INTERNATIONAL SAS;26 B rue de l'HERMITAGE;;;95160;MONTMORENCY;;;;06-janv-16;531,00 €
JEAN BREL;2 AVENUE DE STALINGRAD;ZAC SAINT LEGER;;93240;STAINS;;;;06-janv-16;387,00 €
LE CHEVAL BLANC;M. VERRECCHIA PHILLIPPE;10 PLACE ROGER LEVANNEUR;;95160;MONTMORENCY;;;;06-janv-16;114,00 €
LECOMTE SARL;25 R CARNOT;;;95160;MONTMORENCY;;;;06-janv-16;37,00 €
Maison Prestige et Construction;12 RUE DES CAVES;;;95160;MONTMORENCY;;;;06-janv-16;136,00 €
MANUTAN INTERNATIONAL;AV DU 21ème SIECLE;ZAC DU PARC DES TULIPES;;95506;GONESSE CEDEX;;;;06-janv-16;993,00 €
MB DIFFUSION PRESSE;5 B RUE GUY MOQUET;;;95100;ARGENTEUIL;;;;06-janv-16;379,00 €
PRALINES BDR SARL;102 AVENUE DE ST OUEN;;;75018;PARIS;;;;06-janv-16;32,00 €
SARL PHILIPPE ET FILS;88 AV DE LA REPUBLIQUE;;;95400;ARNOUVILLE LES GONESSES;;;;06-janv-16;78,00 €
SAUR;1 AV EUGENE FREYSSINET;;;78062;ST QUENTIN EN YVELINES cedex;;;;06-janv-16;
SAUR;1 RUE ANTOINE LAVOISIER;;;78280;GUYANCOURT;;;;06-janv-16;406,00 €
SELARL PHARMACIE PRINCIPALE;9 PLACE ROGER LEVANNEUR;;;95160;MONTMORENCY;;;;06-janv-16;137,00 €
SOFICOM;114 BD DE MAGENTA;;;75010;PARIS;;;;06-janv-16;167,00 €
STORAT;25 RUE ANDRE CITROEN;;;95130;Franconville la Garenne;;;;06-janv-16;269,00 €
